assembly_accession,protein_id,mutation_site,amino_acid_change
GCA_022810945.1,GCA_022810945.1|UOC95879.1,[83],"[('T', 'I')]"
GCF_021513635.1,GCF_021513635.1|WP_031769573.1,[83],"[('T', 'A')]"
GCF_016745155.1,GCF_016745155.1|WP_012613862.1,[83],"[('T', 'I')]"
GCF_024266915.1,GCF_024266915.1|WP_019484695.1,"[83, 912, 913]","[('T', 'I'), ('S', '-'), ('E', '-')]"
GCF_003813025.1,GCF_003813025.1|WP_034010346.1,"[83, 100, 671, 860, 893, 900, 903, 912, 913]","[('T', 'I'), ('Y', 'C'), ('V', 'I'), ('G', 'S'), ('D', 'E'), ('A', 'G'), ('S', 'A'), ('S', '-'), ('E', '-')]"
GCF_014155905.1,GCF_014155905.1|WP_033943867.1,"[83, 87, 912, 913]","[('T', 'I'), ('D', 'N'), ('S', '-'), ('E', '-')]"
GCF_013341315.1,GCF_013341315.1|WP_012613862.1,[83],"[('T', 'I')]"
GCF_024734795.1,GCF_024734795.1|WP_012613862.1,[83],"[('T', 'I')]"
GCF_025723085.1,GCF_025723085.1|WP_012075019.1,"[83, 671, 860, 893, 900, 903, 912, 913]","[('T', 'I'), ('V', 'I'), ('G', 'S'), ('D', 'E'), ('A', 'G'), ('S', 'A'), ('S', '-'), ('E', '-')]"
GCF_018279285.1,GCF_018279285.1|WP_033943478.1,"[83, 652]","[('T', 'I'), ('D', 'Y')]"
GCF_018141625.1,GCF_018141625.1|WP_019484695.1,"[83, 912, 913]","[('T', 'I'), ('S', '-'), ('E', '-')]"
GCA_020771755.1,GCA_020771755.1|UEG10643.1,"[83, 87, 912, 913]","[('T', 'I'), ('D', 'N'), ('S', '-'), ('E', '-')]"
GCF_003952325.1,GCF_003952325.1|WP_012613862.1,[83],"[('T', 'I')]"
GCA_015697665.1,GCA_015697665.1|QPP42080.1,"[83, 671, 860, 893, 900, 903, 912, 913]","[('T', 'I'), ('V', 'I'), ('G', 'S'), ('D', 'E'), ('A', 'G'), ('S', 'A'), ('S', '-'), ('E', '-')]"
GCF_004355145.1,GCF_004355145.1|WP_012613862.1,[83],"[('T', 'I')]"
GCA_016745115.1,GCA_016745115.1|QQV95593.1,[83],"[('T', 'I')]"
GCA_028404025.1,GCA_028404025.1|WCI58507.1,"[83, 671, 860, 893, 900, 903, 912, 913]","[('T', 'I'), ('V', 'I'), ('G', 'S'), ('D', 'E'), ('A', 'G'), ('S', 'A'), ('S', '-'), ('E', '-')]"
GCA_001516325.2,GCA_001516325.2|ALY60325.1,[83],"[('T', 'I')]"
GCF_002205355.1,GCF_002205355.1|WP_019484695.1,"[83, 912, 913]","[('T', 'I'), ('S', '-'), ('E', '-')]"
GCA_027570635.1,GCA_027570635.1|WBH93971.1,"[83, 87]","[('T', 'A'), ('D', 'G')]"
GCA_016925455.1,GCA_016925455.1|QSA84582.1,[83],"[('T', 'I')]"
GCA_024266935.1,GCA_024266935.1|UTM33700.1,"[83, 912, 913]","[('T', 'I'), ('S', '-'), ('E', '-')]"
GCF_022810985.1,GCF_022810985.1|WP_012613862.1,[83],"[('T', 'I')]"
GCA_002085755.1,GCA_002085755.1|ARG86012.1,[83],"[('T', 'I')]"
GCA_006704595.2,GCA_006704595.2|UBI71885.1,"[83, 912, 913]","[('T', 'I'), ('S', '-'), ('E', '-')]"
GCA_003073895.1,GCA_003073895.1|AWF02090.1,[83],"[('T', 'I')]"
GCA_026870135.1,GCA_026870135.1|WAO17369.1,"[83, 313, 912, 913]","[('T', 'A'), ('V', 'A'), ('S', '-'), ('E', '-')]"
GCA_021184245.1,GCA_021184245.1|UGW96859.1,[83],"[('T', 'I')]"
GCF_028404105.1,GCF_028404105.1|WP_012075019.1,"[83, 671, 860, 893, 900, 903, 912, 913]","[('T', 'I'), ('V', 'I'), ('G', 'S'), ('D', 'E'), ('A', 'G'), ('S', 'A'), ('S', '-'), ('E', '-')]"
GCA_004010895.1,GCA_004010895.1|AZZ10806.1,"[83, 912, 913]","[('T', 'I'), ('S', '-'), ('E', '-')]"
GCA_015697645.1,GCA_015697645.1|QPP35764.1,"[83, 87]","[('T', 'I'), ('D', 'Y')]"
GCA_001792875.1,GCA_001792875.1|AOX38790.1,[83],"[('T', 'I')]"
GCF_002411865.3,GCF_002411865.3|WP_012613862.1,[83],"[('T', 'I')]"
GCF_021184245.1,GCF_021184245.1|WP_012613862.1,[83],"[('T', 'I')]"
GCA_022810985.1,GCA_022810985.1|UOD13898.1,[83],"[('T', 'I')]"
GCA_019434155.1,GCA_019434155.1|QYE85205.1,"[83, 87, 502]","[('T', 'I'), ('D', 'H'), ('V', 'A')]"
GCA_018141565.1,GCA_018141565.1|QUI39576.1,"[83, 912, 913]","[('T', 'I'), ('S', '-'), ('E', '-')]"
GCA_003812885.1,GCA_003812885.1|AYZ59961.1,[83],"[('T', 'I')]"
GCF_021497345.1,GCF_021497345.1|WP_012613862.1,[83],"[('T', 'I')]"
GCF_027571215.1,GCF_027571215.1|WP_019484695.1,"[83, 912, 913]","[('T', 'I'), ('S', '-'), ('E', '-')]"
GCF_003408495.1,GCF_003408495.1|WP_012075019.1,"[83, 671, 860, 893, 900, 903, 912, 913]","[('T', 'I'), ('V', 'I'), ('G', 'S'), ('D', 'E'), ('A', 'G'), ('S', 'A'), ('S', '-'), ('E', '-')]"
GCA_016745195.1,GCA_016745195.1|QQW24312.1,[83],"[('T', 'I')]"
GCF_003073735.1,GCF_003073735.1|WP_012075019.1,"[83, 671, 860, 893, 900, 903, 912, 913]","[('T', 'I'), ('V', 'I'), ('G', 'S'), ('D', 'E'), ('A', 'G'), ('S', 'A'), ('S', '-'), ('E', '-')]"
GCF_002192475.1,GCF_002192475.1|WP_019484695.1,"[83, 912, 913]","[('T', 'I'), ('S', '-'), ('E', '-')]"
GCF_024584495.1,GCF_024584495.1|WP_012613862.1,[83],"[('T', 'I')]"
GCA_018279245.1,GCA_018279245.1|QUS00405.1,"[83, 652]","[('T', 'I'), ('D', 'Y')]"
GCA_022810865.1,GCA_022810865.1|UOC65480.1,[83],"[('T', 'I')]"
GCA_022811025.1,GCA_022811025.1|UOD07892.1,[83],"[('T', 'I')]"
GCA_001870265.1,GCA_001870265.1|APB56256.1,[83],"[('T', 'I')]"
GCF_009720425.1,GCF_009720425.1|WP_012613862.1,[83],"[('T', 'I')]"
GCA_025908315.1,GCA_025908315.1|UYT19647.1,"[83, 631, 671, 860, 893, 900, 903, 912, 913]","[('T', 'I'), ('R', 'W'), ('V', 'I'), ('G', 'S'), ('D', 'E'), ('A', 'G'), ('S', 'A'), ('S', '-'), ('E', '-')]"
GCA_001721765.1,GCA_001721765.1|AON12169.1,[83],"[('T', 'I')]"
GCA_021513595.1,GCA_021513595.1|UJG15377.1,[83],"[('T', 'A')]"
GCA_003626935.2,GCA_003626935.2|AYF69478.1,[83],"[('T', 'I')]"
GCA_001721805.1,GCA_001721805.1|AON30152.1,[83],"[('T', 'I')]"
GCF_019434175.1,GCF_019434175.1|WP_219832572.1,"[83, 87, 502]","[('T', 'I'), ('D', 'H'), ('V', 'A')]"
GCF_018279265.1,GCF_018279265.1|WP_012613862.1,[83],"[('T', 'I')]"
GCF_003950235.1,GCF_003950235.1|WP_012613862.1,[83],"[('T', 'I')]"
GCF_001548335.1,GCF_001548335.1|WP_012613862.1,[83],"[('T', 'I')]"
GCA_002812825.1,GCA_002812825.1|AUA70235.1,"[5, 83, 668]","[('A', 'V'), ('T', 'I'), ('A', 'T')]"
GCF_003206535.1,GCF_003206535.1|WP_033943478.1,"[83, 652]","[('T', 'I'), ('D', 'Y')]"
GCF_001721765.1,GCF_001721765.1|WP_012613862.1,[83],"[('T', 'I')]"
GCF_022570455.1,GCF_022570455.1|WP_012613862.1,[83],"[('T', 'I')]"
GCF_028403985.1,GCF_028403985.1|WP_012075019.1,"[83, 671, 860, 893, 900, 903, 912, 913]","[('T', 'I'), ('V', 'I'), ('G', 'S'), ('D', 'E'), ('A', 'G'), ('S', 'A'), ('S', '-'), ('E', '-')]"
GCA_000473745.3,GCA_000473745.3|AID85760.1,[83],"[('T', 'I')]"
GCA_022811065.1,GCA_022811065.1|UOD19908.1,[83],"[('T', 'I')]"
GCA_009905195.1,GCA_009905195.1|QHI64877.1,[83],"[('T', 'I')]"
GCA_025736975.1,GCA_025736975.1|UYH48661.1,[83],"[('T', 'I')]"
GCF_015697665.1,GCF_015697665.1|WP_012075019.1,"[83, 671, 860, 893, 900, 903, 912, 913]","[('T', 'I'), ('V', 'I'), ('G', 'S'), ('D', 'E'), ('A', 'G'), ('S', 'A'), ('S', '-'), ('E', '-')]"
GCA_027570455.1,GCA_027570455.1|WBH57237.1,[83],"[('T', 'I')]"
GCF_013343375.1,GCF_013343375.1|WP_012613862.1,[83],"[('T', 'I')]"
GCF_000508765.1,GCF_000508765.1|WP_012613862.1,[83],"[('T', 'I')]"
GCF_003991465.1,GCF_003991465.1|WP_012613862.1,[83],"[('T', 'I')]"
GCF_013341295.1,GCF_013341295.1|WP_174538129.1,"[35, 83]","[('P', 'S'), ('T', 'I')]"
GCA_019738995.2,GCA_019738995.2|QZH53759.1,[83],"[('T', 'I')]"
GCF_016745175.1,GCF_016745175.1|WP_012613862.1,[83],"[('T', 'I')]"
GCA_021497325.1,GCA_021497325.1|UJB97735.1,"[83, 912, 913]","[('T', 'I'), ('S', '-'), ('E', '-')]"
GCF_015697645.1,GCF_015697645.1|WP_034044921.1,"[83, 87]","[('T', 'I'), ('D', 'Y')]"
GCF_011466835.1,GCF_011466835.1|WP_012613862.1,[83],"[('T', 'I')]"
GCF_016745195.1,GCF_016745195.1|WP_012613862.1,[83],"[('T', 'I')]"
GCF_020990485.1,GCF_020990485.1|WP_012613862.1,[83],"[('T', 'I')]"
GCA_013343555.1,GCA_013343555.1|QKR74100.1,"[83, 912, 913]","[('T', 'I'), ('S', '-'), ('E', '-')]"
GCA_016064595.1,GCA_016064595.1|QPV52928.1,"[83, 912, 913]","[('T', 'I'), ('S', '-'), ('E', '-')]"
GCF_003369755.1,GCF_003369755.1|WP_012075019.1,"[83, 671, 860, 893, 900, 903, 912, 913]","[('T', 'I'), ('V', 'I'), ('G', 'S'), ('D', 'E'), ('A', 'G'), ('S', 'A'), ('S', '-'), ('E', '-')]"
GCA_000763245.3,GCA_000763245.3|ARU38095.1,[83],"[('T', 'I')]"
GCA_003991465.1,GCA_003991465.1|AZN12089.1,[83],"[('T', 'I')]"
GCF_018279245.1,GCF_018279245.1|WP_033943478.1,"[83, 652]","[('T', 'I'), ('D', 'Y')]"
GCA_020990485.1,GCA_020990485.1|UFM99945.1,[83],"[('T', 'I')]"
GCA_009662315.1,GCA_009662315.1|QGH90255.1,"[83, 671, 860, 893, 900, 903, 912, 913]","[('T', 'I'), ('V', 'I'), ('G', 'S'), ('D', 'E'), ('A', 'G'), ('S', 'A'), ('S', '-'), ('E', '-')]"
GCF_003288335.1,GCF_003288335.1|WP_112207373.1,"[83, 366, 912, 913]","[('T', 'I'), ('R', 'C'), ('S', '-'), ('E', '-')]"
GCA_000284555.1,GCA_000284555.1|BAK91105.1,[83],"[('T', 'I')]"
GCA_013394475.2,GCA_013394475.2|QLF39755.1,[83],"[('T', 'I')]"
GCA_018279265.1,GCA_018279265.1|QUS16212.1,[83],"[('T', 'I')]"
GCA_022700635.1,GCA_022700635.1|UNT51978.1,"[83, 912, 913]","[('T', 'I'), ('S', '-'), ('E', '-')]"
GCF_003571505.1,GCF_003571505.1|WP_019484695.1,"[83, 912, 913]","[('T', 'I'), ('S', '-'), ('E', '-')]"
GCA_021497385.1,GCA_021497385.1|UJC16701.1,[83],"[('T', 'I')]"
GCA_003812905.1,GCA_003812905.1|AYZ47532.1,[83],"[('T', 'I')]"
GCF_022810965.1,GCF_022810965.1|WP_012613862.1,[83],"[('T', 'I')]"
GCF_018598285.3,GCF_018598285.3|WP_128651337.1,"[83, 87]","[('T', 'I'), ('D', 'H')]"
GCF_001721805.1,GCF_001721805.1|WP_012613862.1,[83],"[('T', 'I')]"
GCF_022810865.1,GCF_022810865.1|WP_012613862.1,[83],"[('T', 'I')]"
GCF_000829275.1,GCF_000829275.1|WP_012613862.1,[83],"[('T', 'I')]"
GCA_013343375.1,GCA_013343375.1|QKR20417.1,[83],"[('T', 'I')]"
GCF_003950255.1,GCF_003950255.1|WP_012613862.1,[83],"[('T', 'I')]"
GCF_013343435.1,GCF_013343435.1|WP_174706318.1,"[83, 458, 652]","[('T', 'A'), ('A', 'V'), ('D', 'Y')]"
GCA_018448985.1,GCA_018448985.1|QVQ74101.1,[83],"[('T', 'I')]"
GCA_003716765.1,GCA_003716765.1|AYR14318.1,[83],"[('T', 'I')]"
GCA_016745135.1,GCA_016745135.1|QQW02114.1,[83],"[('T', 'I')]"
GCA_028403985.1,GCA_028403985.1|WCI45662.1,"[83, 671, 860, 893, 900, 903, 912, 913]","[('T', 'I'), ('V', 'I'), ('G', 'S'), ('D', 'E'), ('A', 'G'), ('S', 'A'), ('S', '-'), ('E', '-')]"
GCF_002968955.1,GCF_002968955.1|WP_012613862.1,[83],"[('T', 'I')]"
GCA_019915485.1,GCA_019915485.1|UAC99792.1,[83],"[('T', 'I')]"
GCA_002812885.1,GCA_002812885.1|AUA82638.1,[83],"[('T', 'I')]"
GCF_002085755.1,GCF_002085755.1|WP_012613862.1,[83],"[('T', 'I')]"
GCA_022570455.1,GCA_022570455.1|UTR22114.1,[83],"[('T', 'I')]"
GCA_024972855.1,GCA_024972855.1|UWG53683.1,"[83, 87]","[('T', 'I'), ('D', 'N')]"
GCF_028404025.1,GCF_028404025.1|WP_012075019.1,"[83, 671, 860, 893, 900, 903, 912, 913]","[('T', 'I'), ('V', 'I'), ('G', 'S'), ('D', 'E'), ('A', 'G'), ('S', 'A'), ('S', '-'), ('E', '-')]"
GCA_016811975.1,GCA_016811975.1|QRG76832.1,"[83, 87, 912, 913]","[('T', 'I'), ('D', 'N'), ('S', '-'), ('E', '-')]"
GCA_027570715.1,GCA_027570715.1|WBI16354.1,[83],"[('T', 'I')]"
GCF_003369735.1,GCF_003369735.1|WP_012075019.1,"[83, 671, 860, 893, 900, 903, 912, 913]","[('T', 'I'), ('V', 'I'), ('G', 'S'), ('D', 'E'), ('A', 'G'), ('S', 'A'), ('S', '-'), ('E', '-')]"
GCF_001721745.1,GCF_001721745.1|WP_012613862.1,[83],"[('T', 'I')]"
GCA_000508765.1,GCA_000508765.1|AHC64545.1,[83],"[('T', 'I')]"
GCF_016743115.1,GCF_016743115.1|WP_012613862.1,[83],"[('T', 'I')]"
GCF_024652945.3,GCF_024652945.3|WP_012613862.1,[83],"[('T', 'I')]"
GCA_025736955.1,GCA_025736955.1|UYH42238.1,[83],"[('T', 'I')]"
GCA_001721785.1,GCA_001721785.1|AON24679.1,[83],"[('T', 'I')]"
GCF_900618245.1,GCF_900618245.1|WP_012613862.1,[83],"[('T', 'I')]"
GCF_002104615.1,GCF_002104615.1|WP_012613862.1,[83],"[('T', 'I')]"
GCF_022870525.1,GCF_022870525.1|WP_019484695.1,"[83, 912, 913]","[('T', 'I'), ('S', '-'), ('E', '-')]"
GCF_003812905.1,GCF_003812905.1|WP_012613862.1,[83],"[('T', 'I')]"
GCA_013393705.1,GCA_013393705.1|QLF27306.1,"[83, 254]","[('T', 'I'), ('G', 'S')]"
GCA_001792855.1,GCA_001792855.1|AOX32167.1,[83],"[('T', 'I')]"
GCF_001516325.2,GCF_001516325.2|WP_012613862.1,[83],"[('T', 'I')]"
GCA_013305645.2,GCA_013305645.2|QKL12406.1,[83],"[('T', 'I')]"
GCA_003952285.1,GCA_003952285.1|AZN50852.1,[83],"[('T', 'I')]"
GCF_003952305.1,GCF_003952305.1|WP_012613862.1,[83],"[('T', 'I')]"
GCA_013394455.1,GCA_013394455.1|QLF33572.1,"[83, 912, 913]","[('T', 'I'), ('S', '-'), ('E', '-')]"
GCF_003952285.1,GCF_003952285.1|WP_012613862.1,[83],"[('T', 'I')]"
GCF_001632245.1,GCF_001632245.1|WP_012613862.1,[83],"[('T', 'I')]"
GCA_007559085.1,GCA_007559085.1|QDR07867.1,[83],"[('T', 'I')]"
GCA_016743115.1,GCA_016743115.1|QQV59774.1,[83],"[('T', 'I')]"
GCA_003073615.1,GCA_003073615.1|AWE80779.1,"[83, 652]","[('T', 'I'), ('D', 'Y')]"
GCA_018141645.1,GCA_018141645.1|QUI57455.1,"[83, 912, 913]","[('T', 'I'), ('S', '-'), ('E', '-')]"
GCF_009662315.1,GCF_009662315.1|WP_012075019.1,"[83, 671, 860, 893, 900, 903, 912, 913]","[('T', 'I'), ('V', 'I'), ('G', 'S'), ('D', 'E'), ('A', 'G'), ('S', 'A'), ('S', '-'), ('E', '-')]"
GCA_002104615.1,GCA_002104615.1|ARI90584.1,[83],"[('T', 'I')]"
GCA_003206535.1,GCA_003206535.1|AWT28012.1,"[83, 652]","[('T', 'I'), ('D', 'Y')]"
GCA_002997005.1,GCA_002997005.1|AVN42872.1,[83],"[('T', 'I')]"
GCA_001722045.1,GCA_001722045.1|AON36156.1,[83],"[('T', 'I')]"
GCA_013343435.1,GCA_013343435.1|QKR39847.1,"[83, 458, 652]","[('T', 'A'), ('A', 'V'), ('D', 'Y')]"
GCF_001516265.1,GCF_001516265.1|WP_012613862.1,[83],"[('T', 'I')]"
GCA_019915465.1,GCA_019915465.1|UAC93128.1,[83],"[('T', 'I')]"
GCF_002812925.2,GCF_002812925.2|WP_012613862.1,[83],"[('T', 'I')]"
GCA_001721745.1,GCA_001721745.1|AON06180.1,[83],"[('T', 'I')]"
GCF_003626935.1,GCF_003626935.1|WP_012613862.1,[83],"[('T', 'I')]"
GCA_020990465.1,GCA_020990465.1|UFM91350.1,[83],"[('T', 'I')]"
GCF_000496455.2,GCF_000496455.2|WP_023464936.1,"[83, 914, 915]","[('T', 'I'), ('-', 'S'), ('-', 'E')]"
GCA_001722025.1,GCA_001722025.1|AON18156.1,[83],"[('T', 'I')]"
GCF_003713085.1,GCF_003713085.1|WP_012613862.1,[83],"[('T', 'I')]"
GCF_022570115.1,GCF_022570115.1|WP_019484695.1,"[83, 912, 913]","[('T', 'I'), ('S', '-'), ('E', '-')]"
GCF_021166355.2,GCF_021166355.2|WP_219832572.1,"[83, 87, 502]","[('T', 'I'), ('D', 'H'), ('V', 'A')]"
GCF_003433235.1,GCF_003433235.1|WP_012613862.1,[83],"[('T', 'I')]"
GCA_027571175.1,GCA_027571175.1|WBJ59986.1,[83],"[('T', 'I')]"
GCF_004355125.1,GCF_004355125.1|WP_012613862.1,[83],"[('T', 'I')]"
GCF_000026645.1,GCF_000026645.1|WP_012613862.1,[83],"[('T', 'I')]"
GCA_009664165.1,GCA_009664165.1|QGJ32581.1,[83],"[('T', 'I')]"
GCF_002968655.1,GCF_002968655.1|WP_012613862.1,[83],"[('T', 'I')]"
GCF_008195485.1,GCF_008195485.1|WP_012613862.1,[83],"[('T', 'I')]"
GCA_027570675.1,GCA_027570675.1|WBI09004.1,[83],"[('T', 'I')]"
GCA_002411865.3,GCA_002411865.3|AXN28317.1,[83],"[('T', 'I')]"
GCF_021266605.1,GCF_021266605.1|WP_012613862.1,[83],"[('T', 'I')]"
GCA_021166355.2,GCA_021166355.2|UGR50057.2,"[83, 87, 502]","[('T', 'I'), ('D', 'H'), ('V', 'A')]"
GCF_027570715.1,GCF_027570715.1|WP_012613862.1,[83],"[('T', 'I')]"
GCF_003411785.2,GCF_003411785.2|WP_019484695.1,"[83, 912, 913]","[('T', 'I'), ('S', '-'), ('E', '-')]"
GCF_028403965.1,GCF_028403965.1|WP_012075019.1,"[83, 671, 860, 893, 900, 903, 912, 913]","[('T', 'I'), ('V', 'I'), ('G', 'S'), ('D', 'E'), ('A', 'G'), ('S', 'A'), ('S', '-'), ('E', '-')]"
GCA_022811005.1,GCA_022811005.1|UOD01887.1,[83],"[('T', 'I')]"
GCA_025790885.1,GCA_025790885.1|UYM60278.1,[83],"[('T', 'I')]"
GCF_001792855.1,GCF_001792855.1|WP_012613862.1,[83],"[('T', 'I')]"
GCA_001792835.1,GCA_001792835.1|AOX25928.1,[83],"[('T', 'I')]"
GCF_019710495.1,GCF_019710495.1|WP_012613862.1,[83],"[('T', 'I')]"
GCF_025908315.1,GCF_025908315.1|WP_264315803.1,"[83, 631, 671, 860, 893, 900, 903, 912, 913]","[('T', 'I'), ('R', 'W'), ('V', 'I'), ('G', 'S'), ('D', 'E'), ('A', 'G'), ('S', 'A'), ('S', '-'), ('E', '-')]"
GCA_001542835.1,GCA_001542835.1|ALZ40264.1,[83],"[('T', 'I')]"
GCF_002812825.1,GCF_002812825.1|WP_100814795.1,"[5, 83, 668]","[('A', 'V'), ('T', 'I'), ('A', 'T')]"
GCA_002968695.1,GCA_002968695.1|AVK29325.1,"[83, 652]","[('T', 'I'), ('D', 'Y')]"
GCF_001721825.1,GCF_001721825.1|WP_012613862.1,[83],"[('T', 'I')]"
GCA_001548335.1,GCA_001548335.1|BAT64567.1,[83],"[('T', 'I')]"
GCA_003408495.1,GCA_003408495.1|AXO27806.1,"[83, 671, 860, 893, 900, 903, 912, 913]","[('T', 'I'), ('V', 'I'), ('G', 'S'), ('D', 'E'), ('A', 'G'), ('S', 'A'), ('S', '-'), ('E', '-')]"
GCA_018141625.1,GCA_018141625.1|QUI50767.1,"[83, 912, 913]","[('T', 'I'), ('S', '-'), ('E', '-')]"
GCA_003433235.1,GCA_003433235.1|AXS70442.1,[83],"[('T', 'I')]"
GCA_024584495.1,GCA_024584495.1|UUP10540.1,[83],"[('T', 'I')]"
GCA_019379355.1,GCA_019379355.1|QYA87832.1,[83],"[('T', 'I')]"
GCF_003716765.1,GCF_003716765.1|WP_012613862.1,[83],"[('T', 'I')]"
GCF_002997005.1,GCF_002997005.1|WP_012613862.1,[83],"[('T', 'I')]"
GCA_013376775.1,GCA_013376775.1|QLA52115.1,"[83, 652]","[('T', 'I'), ('D', 'Y')]"
GCF_001792835.1,GCF_001792835.1|WP_012613862.1,[83],"[('T', 'I')]"
GCF_003073895.1,GCF_003073895.1|WP_012613862.1,[83],"[('T', 'I')]"
GCF_014792125.1,GCF_014792125.1|WP_012613862.1,[83],"[('T', 'I')]"
GCA_003204335.1,GCA_003204335.1|AWS89195.1,"[83, 652]","[('T', 'I'), ('D', 'Y')]"
GCA_002968955.1,GCA_002968955.1|AVJ98844.1,[83],"[('T', 'I')]"
GCA_013255565.1,GCA_013255565.1|QKG33995.1,[83],"[('T', 'I')]"
GCF_009905195.1,GCF_009905195.1|WP_012613862.1,[83],"[('T', 'I')]"
GCF_019379355.1,GCF_019379355.1|WP_012613862.1,[83],"[('T', 'I')]"
GCF_002812905.2,GCF_002812905.2|WP_012613862.1,[83],"[('T', 'I')]"
GCF_022810905.1,GCF_022810905.1|WP_012613862.1,[83],"[('T', 'I')]"
GCF_000473745.2,GCF_000473745.2|WP_012613862.1,[83],"[('T', 'I')]"
GCF_004193735.1,GCF_004193735.1|WP_012613862.1,[83],"[('T', 'I')]"
GCA_002812865.1,GCA_002812865.1|AUA88722.1,[83],"[('T', 'I')]"
GCF_009720405.1,GCF_009720405.1|WP_128622804.1,"[83, 913, 914]","[('T', 'I'), ('E', '-'), ('P', '-')]"
GCF_022700635.1,GCF_022700635.1|WP_019484695.1,"[83, 912, 913]","[('T', 'I'), ('S', '-'), ('E', '-')]"
GCF_013394455.1,GCF_013394455.1|WP_019484695.1,"[83, 912, 913]","[('T', 'I'), ('S', '-'), ('E', '-')]"
GCF_023093975.1,GCF_023093975.1|WP_012613862.1,[83],"[('T', 'I')]"
GCF_002192495.1,GCF_002192495.1|WP_012613862.1,[83],"[('T', 'I')]"
GCA_018279285.1,GCA_018279285.1|QUS26279.1,"[83, 652]","[('T', 'I'), ('D', 'Y')]"
GCA_003813025.1,GCA_003813025.1|AYZ85976.1,"[83, 100, 671, 860, 893, 900, 903, 912, 913]","[('T', 'I'), ('Y', 'C'), ('V', 'I'), ('G', 'S'), ('D', 'E'), ('A', 'G'), ('S', 'A'), ('S', '-'), ('E', '-')]"
GCF_024972855.1,GCF_024972855.1|WP_003158825.1,"[83, 87]","[('T', 'I'), ('D', 'N')]"
GCF_016745115.1,GCF_016745115.1|WP_012613862.1,[83],"[('T', 'I')]"
GCA_019434235.1,GCA_019434235.1|QYF00781.1,[83],"[('T', 'I')]"
GCA_019434175.1,GCA_019434175.1|QYE87054.1,"[83, 87, 502]","[('T', 'I'), ('D', 'H'), ('V', 'A')]"
GCA_009498355.1,GCA_009498355.1|QFZ63590.1,"[83, 912, 913]","[('T', 'I'), ('S', '-'), ('E', '-')]"
GCA_001516265.1,GCA_001516265.1|ALY45312.1,[83],"[('T', 'I')]"
GCF_013376775.1,GCF_013376775.1|WP_033943478.1,"[83, 652]","[('T', 'I'), ('D', 'Y')]"
GCA_002192495.1,GCA_002192495.1|ASA14599.1,[83],"[('T', 'I')]"
GCA_013341315.1,GCA_013341315.1|QKP86260.1,[83],"[('T', 'I')]"
GCF_022810945.1,GCF_022810945.1|WP_012613862.1,[83],"[('T', 'I')]"
GCA_004193735.1,GCA_004193735.1|QBC06848.1,[83],"[('T', 'I')]"
GCF_018448985.1,GCF_018448985.1|WP_012613862.1,[83],"[('T', 'I')]"
GCA_022810965.1,GCA_022810965.1|UOC89825.1,[83],"[('T', 'I')]"
GCF_003073615.1,GCF_003073615.1|WP_033943478.1,"[83, 652]","[('T', 'I'), ('D', 'Y')]"
GCF_008245185.1,GCF_008245185.1|WP_012613862.1,[83],"[('T', 'I')]"
GCA_024652945.3,GCA_024652945.3|UUW80537.1,[83],"[('T', 'I')]"
GCA_014155905.1,GCA_014155905.1|QMX83466.1,"[83, 87, 912, 913]","[('T', 'I'), ('D', 'N'), ('S', '-'), ('E', '-')]"
GCA_008195485.1,GCA_008195485.1|QEK41898.1,[83],"[('T', 'I')]"
GCF_002812865.1,GCF_002812865.1|WP_012613862.1,[83],"[('T', 'I')]"
GCF_021513595.1,GCF_021513595.1|WP_031769573.1,[83],"[('T', 'A')]"
GCA_003950255.1,GCA_003950255.1|AZN05059.1,[83],"[('T', 'I')]"
GCF_019738995.2,GCF_019738995.2|WP_012613862.1,[83],"[('T', 'I')]"
GCA_024266915.1,GCA_024266915.1|UTM27192.1,"[83, 912, 913]","[('T', 'I'), ('S', '-'), ('E', '-')]"
GCF_004010895.1,GCF_004010895.1|WP_019484695.1,"[83, 912, 913]","[('T', 'I'), ('S', '-'), ('E', '-')]"
GCA_028404065.1,GCA_028404065.1|WCI78429.1,"[83, 671, 860, 893, 900, 903, 912, 913]","[('T', 'I'), ('V', 'I'), ('G', 'S'), ('D', 'E'), ('A', 'G'), ('S', 'A'), ('S', '-'), ('E', '-')]"
GCA_003950235.1,GCA_003950235.1|AZN01394.1,[83],"[('T', 'I')]"
GCA_024734795.1,GCA_024734795.1|UVH88108.1,[83],"[('T', 'I')]"
GCA_003571505.1,GCA_003571505.1|ALV79544.1,"[83, 912, 913]","[('T', 'I'), ('S', '-'), ('E', '-')]"
GCF_001515915.2,GCF_001515915.2|WP_012613862.1,[83],"[('T', 'I')]"
GCA_021513635.1,GCA_021513635.1|UJG26779.1,[83],"[('T', 'A')]"
GCF_021184265.1,GCF_021184265.1|WP_019484695.1,"[83, 912, 913]","[('T', 'I'), ('S', '-'), ('E', '-')]"
GCF_009664165.1,GCF_009664165.1|WP_012613862.1,[83],"[('T', 'I')]"
GCA_000026645.1,GCA_000026645.1|CAW26628.1,[83],"[('T', 'I')]"
GCF_020990445.1,GCF_020990445.1|WP_012613862.1,[83],"[('T', 'I')]"
GCA_027571215.1,GCA_027571215.1|WBI97858.1,"[83, 912, 913]","[('T', 'I'), ('S', '-'), ('E', '-')]"
GCF_019434235.1,GCF_019434235.1|WP_012613862.1,[83],"[('T', 'I')]"
GCA_003950015.1,GCA_003950015.1|AZM85042.1,"[83, 912, 913]","[('T', 'I'), ('S', '-'), ('E', '-')]"
GCA_022810905.1,GCA_022810905.1|UOC77649.1,[83],"[('T', 'I')]"
GCA_027570875.1,GCA_027570875.1|WBI73835.1,[83],"[('T', 'A')]"
GCF_016064595.1,GCF_016064595.1|WP_019484695.1,"[83, 912, 913]","[('T', 'I'), ('S', '-'), ('E', '-')]"
GCF_021497325.1,GCF_021497325.1|WP_019484695.1,"[83, 912, 913]","[('T', 'I'), ('S', '-'), ('E', '-')]"
GCA_003952305.1,GCA_003952305.1|AZN59676.1,[83],"[('T', 'I')]"
GCA_000496455.2,GCA_000496455.2|AMA36409.1,"[83, 914, 915]","[('T', 'I'), ('-', 'S'), ('-', 'E')]"
GCA_004355145.1,GCA_004355145.1|QBN04343.1,[83],"[('T', 'I')]"
GCF_022811025.1,GCF_022811025.1|WP_012613862.1,[83],"[('T', 'I')]"
GCA_016745175.1,GCA_016745175.1|QQW15220.1,[83],"[('T', 'I')]"
GCA_003073735.1,GCA_003073735.1|AWE68440.1,"[83, 671, 860, 893, 900, 903, 912, 913]","[('T', 'I'), ('V', 'I'), ('G', 'S'), ('D', 'E'), ('A', 'G'), ('S', 'A'), ('S', '-'), ('E', '-')]"
GCA_028404045.1,GCA_028404045.1|WCI65157.1,"[83, 671, 860, 893, 900, 903, 912, 913]","[('T', 'I'), ('V', 'I'), ('G', 'S'), ('D', 'E'), ('A', 'G'), ('S', 'A'), ('S', '-'), ('E', '-')]"
GCF_021497385.1,GCF_021497385.1|WP_012613862.1,[83],"[('T', 'I')]"
GCA_008245185.1,GCA_008245185.1|QEK83494.1,[83],"[('T', 'I')]"
GCF_028404065.1,GCF_028404065.1|WP_012075019.1,"[83, 671, 860, 893, 900, 903, 912, 913]","[('T', 'I'), ('V', 'I'), ('G', 'S'), ('D', 'E'), ('A', 'G'), ('S', 'A'), ('S', '-'), ('E', '-')]"
GCA_003713085.1,GCA_003713085.1|AYQ82335.1,[83],"[('T', 'I')]"
GCA_001515915.2,GCA_001515915.2|ALY95076.1,[83],"[('T', 'I')]"
GCF_003571805.1,GCF_003571805.1|WP_033943478.1,"[83, 652]","[('T', 'I'), ('D', 'Y')]"
GCF_003204335.1,GCF_003204335.1|WP_033943478.1,"[83, 652]","[('T', 'I'), ('D', 'Y')]"
GCF_022811065.1,GCF_022811065.1|WP_012613862.1,[83],"[('T', 'I')]"
GCA_002104595.1,GCA_002104595.1|ARI97019.1,[83],"[('T', 'I')]"
GCF_027570675.1,GCF_027570675.1|WP_012613862.1,[83],"[('T', 'I')]"
GCA_003028335.1,GCA_003028335.1|AVR82244.1,[83],"[('T', 'I')]"
GCF_028404005.1,GCF_028404005.1|WP_012075019.1,"[83, 671, 860, 893, 900, 903, 912, 913]","[('T', 'I'), ('V', 'I'), ('G', 'S'), ('D', 'E'), ('A', 'G'), ('S', 'A'), ('S', '-'), ('E', '-')]"
GCA_018598285.3,GCA_018598285.3|UEM32197.1,"[83, 87]","[('T', 'I'), ('D', 'H')]"
GCF_001721785.1,GCF_001721785.1|WP_012613862.1,[83],"[('T', 'I')]"
GCA_009720425.1,GCA_009720425.1|QGQ03116.1,[83],"[('T', 'I')]"
GCF_013394475.2,GCF_013394475.2|WP_012613862.1,[83],"[('T', 'I')]"
GCF_000284555.1,GCF_000284555.1|WP_012613862.1,[83],"[('T', 'I')]"
GCF_019915485.1,GCF_019915485.1|WP_012613862.1,[83],"[('T', 'I')]"
GCA_003411785.2,GCA_003411785.2|QCC65107.1,"[83, 912, 913]","[('T', 'I'), ('S', '-'), ('E', '-')]"
GCF_001722045.1,GCF_001722045.1|WP_012613862.1,[83],"[('T', 'I')]"
GCF_020771755.1,GCF_020771755.1|WP_033943867.1,"[83, 87, 912, 913]","[('T', 'I'), ('D', 'N'), ('S', '-'), ('E', '-')]"
GCA_016925475.1,GCA_016925475.1|QSA90493.1,[83],"[('T', 'I')]"
GCA_002968585.1,GCA_002968585.1|AVK10753.1,[83],"[('T', 'I')]"
GCF_002968695.1,GCF_002968695.1|WP_033943478.1,"[83, 652]","[('T', 'I'), ('D', 'Y')]"
GCF_027570875.1,GCF_027570875.1|WP_031769573.1,[83],"[('T', 'A')]"
GCA_022570115.1,GCA_022570115.1|UTQ34695.1,"[83, 912, 913]","[('T', 'I'), ('S', '-'), ('E', '-')]"
GCA_003369735.1,GCA_003369735.1|AXL82371.1,"[83, 671, 860, 893, 900, 903, 912, 913]","[('T', 'I'), ('V', 'I'), ('G', 'S'), ('D', 'E'), ('A', 'G'), ('S', 'A'), ('S', '-'), ('E', '-')]"
GCA_020990445.1,GCA_020990445.1|UFM84795.1,[83],"[('T', 'I')]"
GCF_027570635.1,GCF_027570635.1|WP_061196605.1,"[83, 87]","[('T', 'A'), ('D', 'G')]"
GCA_016745155.1,GCA_016745155.1|QQW08491.1,[83],"[('T', 'I')]"
GCF_013305645.2,GCF_013305645.2|WP_012613862.1,[83],"[('T', 'I')]"
GCF_016925455.1,GCF_016925455.1|WP_012613862.1,[83],"[('T', 'I')]"
GCA_900618245.1,GCA_900618245.1|VDK99840.1,[83],"[('T', 'I')]"
GCA_002205355.1,GCA_002205355.1|ASD02918.1,"[83, 912, 913]","[('T', 'I'), ('S', '-'), ('E', '-')]"
GCA_028404005.1,GCA_028404005.1|WCI48562.1,"[83, 671, 860, 893, 900, 903, 912, 913]","[('T', 'I'), ('V', 'I'), ('G', 'S'), ('D', 'E'), ('A', 'G'), ('S', 'A'), ('S', '-'), ('E', '-')]"
GCA_027571305.1,GCA_027571305.1|WBJ70083.1,[83],"[('T', 'I')]"
GCA_021266605.1,GCA_021266605.1|UHL95006.1,[83],"[('T', 'I')]"
GCF_013255565.1,GCF_013255565.1|WP_012613862.1,[83],"[('T', 'I')]"
GCF_019915465.1,GCF_019915465.1|WP_012613862.1,[83],"[('T', 'I')]"
GCF_003028335.1,GCF_003028335.1|WP_012613862.1,[83],"[('T', 'I')]"
GCA_002192475.1,GCA_002192475.1|ASA28528.1,"[83, 912, 913]","[('T', 'I'), ('S', '-'), ('E', '-')]"
GCF_018141645.1,GCF_018141645.1|WP_019484695.1,"[83, 912, 913]","[('T', 'I'), ('S', '-'), ('E', '-')]"
GCF_028404085.1,GCF_028404085.1|WP_012075019.1,"[83, 671, 860, 893, 900, 903, 912, 913]","[('T', 'I'), ('V', 'I'), ('G', 'S'), ('D', 'E'), ('A', 'G'), ('S', 'A'), ('S', '-'), ('E', '-')]"
GCF_025790885.1,GCF_025790885.1|WP_012613862.1,[83],"[('T', 'I')]"
GCA_002812905.2,GCA_002812905.2|AUA76388.1,[83],"[('T', 'I')]"
GCA_013393665.2,GCA_013393665.2|QLF13525.1,[83],"[('T', 'I')]"
GCF_021497365.1,GCF_021497365.1|WP_012613862.1,[83],"[('T', 'I')]"
GCA_001632245.1,GCA_001632245.1|ANA72245.1,[83],"[('T', 'I')]"
GCA_022870525.1,GCA_022870525.1|UOO59697.1,"[83, 912, 913]","[('T', 'I'), ('S', '-'), ('E', '-')]"
GCF_018141565.1,GCF_018141565.1|WP_019484695.1,"[83, 912, 913]","[('T', 'I'), ('S', '-'), ('E', '-')]"
GCA_001721825.1,GCA_001721825.1|AON42139.1,[83],"[('T', 'I')]"
GCA_003369755.1,GCA_003369755.1|AXL76112.1,"[83, 671, 860, 893, 900, 903, 912, 913]","[('T', 'I'), ('V', 'I'), ('G', 'S'), ('D', 'E'), ('A', 'G'), ('S', 'A'), ('S', '-'), ('E', '-')]"
GCF_003812885.1,GCF_003812885.1|WP_012613862.1,[83],"[('T', 'I')]"
GCF_007559085.1,GCF_007559085.1|WP_012613862.1,[83],"[('T', 'I')]"
GCF_001542835.1,GCF_001542835.1|WP_012613862.1,[83],"[('T', 'I')]"
GCF_001721845.1,GCF_001721845.1|WP_012613862.1,[83],"[('T', 'I')]"
GCA_003288335.1,GCA_003288335.1|AWZ93502.1,"[83, 366, 912, 913]","[('T', 'I'), ('R', 'C'), ('S', '-'), ('E', '-')]"
GCF_027570455.1,GCF_027570455.1|WP_012613862.1,[83],"[('T', 'I')]"
GCF_002104595.1,GCF_002104595.1|WP_012613862.1,[83],"[('T', 'I')]"
GCF_002812845.1,GCF_002812845.1|WP_100814795.1,"[5, 83, 668]","[('A', 'V'), ('T', 'I'), ('A', 'T')]"
GCF_020990465.1,GCF_020990465.1|WP_012613862.1,[83],"[('T', 'I')]"
GCA_021184265.1,GCA_021184265.1|UGX02828.1,"[83, 912, 913]","[('T', 'I'), ('S', '-'), ('E', '-')]"
GCF_900636975.1,GCF_900636975.1|WP_012613862.1,[83],"[('T', 'I')]"
GCA_021378395.1,GCA_021378395.1|UIE05439.1,"[83, 912, 913]","[('T', 'I'), ('S', '-'), ('E', '-')]"
GCF_026870135.1,GCF_026870135.1|WP_268858502.1,"[83, 313, 912, 913]","[('T', 'A'), ('V', 'A'), ('S', '-'), ('E', '-')]"
GCA_013341295.1,GCA_013341295.1|QKP80655.1,"[35, 83]","[('P', 'S'), ('T', 'I')]"
GCF_028404045.1,GCF_028404045.1|WP_012075019.1,"[83, 671, 860, 893, 900, 903, 912, 913]","[('T', 'I'), ('V', 'I'), ('G', 'S'), ('D', 'E'), ('A', 'G'), ('S', 'A'), ('S', '-'), ('E', '-')]"
GCA_025723085.1,GCA_025723085.1|UYF86416.1,"[83, 671, 860, 893, 900, 903, 912, 913]","[('T', 'I'), ('V', 'I'), ('G', 'S'), ('D', 'E'), ('A', 'G'), ('S', 'A'), ('S', '-'), ('E', '-')]"
GCF_002968585.1,GCF_002968585.1|WP_012613862.1,[83],"[('T', 'I')]"
GCA_003571805.1,GCA_003571805.1|AXZ94050.1,"[83, 652]","[('T', 'I'), ('D', 'Y')]"
GCA_021497365.1,GCA_021497365.1|UJC10425.1,[83],"[('T', 'I')]"
GCF_021378395.1,GCF_021378395.1|WP_019484695.1,"[83, 912, 913]","[('T', 'I'), ('S', '-'), ('E', '-')]"
GCA_009720405.1,GCA_009720405.1|QGP95940.1,"[83, 913, 914]","[('T', 'I'), ('E', '-'), ('P', '-')]"
GCF_003950015.1,GCF_003950015.1|WP_019484695.1,"[83, 912, 913]","[('T', 'I'), ('S', '-'), ('E', '-')]"
GCF_023093935.1,GCF_023093935.1|WP_012075019.1,"[83, 671, 860, 893, 900, 903, 912, 913]","[('T', 'I'), ('V', 'I'), ('G', 'S'), ('D', 'E'), ('A', 'G'), ('S', 'A'), ('S', '-'), ('E', '-')]"
GCA_021497345.1,GCA_021497345.1|UJC04207.1,[83],"[('T', 'I')]"
GCF_013393665.2,GCF_013393665.2|WP_012613862.1,[83],"[('T', 'I')]"
GCA_013343315.1,GCA_013343315.1|QKR02908.1,[83],"[('T', 'I')]"
GCA_028404085.1,GCA_028404085.1|WCI85039.1,"[83, 671, 860, 893, 900, 903, 912, 913]","[('T', 'I'), ('V', 'I'), ('G', 'S'), ('D', 'E'), ('A', 'G'), ('S', 'A'), ('S', '-'), ('E', '-')]"
GCF_002946935.1,GCF_002946935.1|WP_012613862.1,[83],"[('T', 'I')]"
GCA_002812925.3,GCA_002812925.3|AUB01013.1,[83],"[('T', 'I')]"
GCF_001870265.1,GCF_001870265.1|WP_012613862.1,[83],"[('T', 'I')]"
GCF_001792875.1,GCF_001792875.1|WP_012613862.1,[83],"[('T', 'I')]"
GCF_001722025.1,GCF_001722025.1|WP_012613862.1,[83],"[('T', 'I')]"
GCF_019434155.1,GCF_019434155.1|WP_219832572.1,"[83, 87, 502]","[('T', 'I'), ('D', 'H'), ('V', 'A')]"
GCF_027571305.1,GCF_027571305.1|WP_012613862.1,[83],"[('T', 'I')]"
GCA_002812845.1,GCA_002812845.1|AUA94796.1,"[5, 83, 668]","[('A', 'V'), ('T', 'I'), ('A', 'T')]"
GCF_016811975.1,GCF_016811975.1|WP_033943867.1,"[83, 87, 912, 913]","[('T', 'I'), ('D', 'N'), ('S', '-'), ('E', '-')]"
GCF_013343555.1,GCF_013343555.1|WP_019484695.1,"[83, 912, 913]","[('T', 'I'), ('S', '-'), ('E', '-')]"
GCA_900636975.1,GCA_900636975.1|VEF58004.1,[83],"[('T', 'I')]"
GCF_016925475.1,GCF_016925475.1|WP_012613862.1,[83],"[('T', 'I')]"
GCA_028403965.1,GCA_028403965.1|WCI39188.1,"[83, 671, 860, 893, 900, 903, 912, 913]","[('T', 'I'), ('V', 'I'), ('G', 'S'), ('D', 'E'), ('A', 'G'), ('S', 'A'), ('S', '-'), ('E', '-')]"
GCF_022811005.1,GCF_022811005.1|WP_012613862.1,[83],"[('T', 'I')]"
GCA_002946935.1,GCA_002946935.1|AVE32504.1,[83],"[('T', 'I')]"
GCA_014792125.1,GCA_014792125.1|QOE15276.1,[83],"[('T', 'I')]"
GCA_001721845.1,GCA_001721845.1|AON48154.1,[83],"[('T', 'I')]"
GCF_002812885.1,GCF_002812885.1|WP_012613862.1,[83],"[('T', 'I')]"
GCF_013343315.1,GCF_013343315.1|WP_012613862.1,[83],"[('T', 'I')]"
GCF_016745135.1,GCF_016745135.1|WP_012613862.1,[83],"[('T', 'I')]"
GCF_000763245.3,GCF_000763245.3|WP_012613862.1,[83],"[('T', 'I')]"
GCA_019434115.1,GCA_019434115.1|QYE69504.1,[83],"[('T', 'A')]"
GCA_000829275.1,GCA_000829275.1|BAP22234.1,[83],"[('T', 'I')]"
GCF_024266935.1,GCF_024266935.1|WP_019484695.1,"[83, 912, 913]","[('T', 'I'), ('S', '-'), ('E', '-')]"
GCF_013393705.1,GCF_013393705.1|WP_179063138.1,"[83, 254]","[('T', 'I'), ('G', 'S')]"
GCA_019710495.1,GCA_019710495.1|QZD67517.1,[83],"[('T', 'I')]"
GCF_006704595.2,GCF_006704595.2|WP_019484695.1,"[83, 912, 913]","[('T', 'I'), ('S', '-'), ('E', '-')]"
GCF_027571175.1,GCF_027571175.1|WP_012613862.1,[83],"[('T', 'I')]"
GCA_028404105.1,GCA_028404105.1|WCI91651.1,"[83, 671, 860, 893, 900, 903, 912, 913]","[('T', 'I'), ('V', 'I'), ('G', 'S'), ('D', 'E'), ('A', 'G'), ('S', 'A'), ('S', '-'), ('E', '-')]"
GCA_002968655.1,GCA_002968655.1|AVK16817.1,[83],"[('T', 'I')]"
GCA_003952325.1,GCA_003952325.1|AZN47617.1,[83],"[('T', 'I')]"
GCA_004355125.1,GCA_004355125.1|QBN00527.1,[83],"[('T', 'I')]"
